semafor_id,status,raskrsnica_id,naziv_raskrsnice,tip_raskrsnice
1,aktivan,1,Raskrsnica sa semaforom,kontrolisana raskrsnica
1,aktivan,2,Raskrsnica sa semaforom,kontrolisana raskrsnica
1,aktivan,3,Raskrsnica sa semaforom,kontrolisana raskrsnica
2,aktivan,1,Raskrsnica sa semaforom,kontrolisana raskrsnica
2,aktivan,2,Raskrsnica sa semaforom,kontrolisana raskrsnica
2,aktivan,3,Raskrsnica sa semaforom,kontrolisana raskrsnica
3,aktivan,1,Raskrsnica sa semaforom,kontrolisana raskrsnica
3,aktivan,2,Raskrsnica sa semaforom,kontrolisana raskrsnica
3,aktivan,3,Raskrsnica sa semaforom,kontrolisana raskrsnica
4,aktivan,4,Raskrsnica sa semaforom,kontrolisana raskrsnica
5,aktivan,5,Raskrsnica sa semaforom,kontrolisana raskrsnica
5,aktivan,6,Raskrsnica sa semaforom,kontrolisana raskrsnica
5,aktivan,7,Raskrsnica sa semaforom,kontrolisana raskrsnica
6,aktivan,5,Raskrsnica sa semaforom,kontrolisana raskrsnica
6,aktivan,6,Raskrsnica sa semaforom,kontrolisana raskrsnica
6,aktivan,8,Raskrsnica sa semaforom,kontrolisana raskrsnica
7,aktivan,5,Raskrsnica sa semaforom,kontrolisana raskrsnica
7,aktivan,7,Raskrsnica sa semaforom,kontrolisana raskrsnica
7,aktivan,8,Raskrsnica sa semaforom,kontrolisana raskrsnica
8,aktivan,6,Raskrsnica sa semaforom,kontrolisana raskrsnica
8,aktivan,7,Raskrsnica sa semaforom,kontrolisana raskrsnica
8,aktivan,8,Raskrsnica sa semaforom,kontrolisana raskrsnica
9,aktivan,9,Raskrsnica sa semaforom,kontrolisana raskrsnica
9,aktivan,10,Raskrsnica sa semaforom,kontrolisana raskrsnica
10,aktivan,9,Raskrsnica sa semaforom,kontrolisana raskrsnica
10,aktivan,10,Raskrsnica sa semaforom,kontrolisana raskrsnica
11,aktivan,11,Raskrsnica sa semaforom,kontrolisana raskrsnica
11,aktivan,12,Raskrsnica sa semaforom,kontrolisana raskrsnica
12,aktivan,11,Raskrsnica sa semaforom,kontrolisana raskrsnica
12,aktivan,12,Raskrsnica sa semaforom,kontrolisana raskrsnica
13,aktivan,13,Raskrsnica sa semaforom,kontrolisana raskrsnica
14,aktivan,14,Raskrsnica sa semaforom,kontrolisana raskrsnica
15,aktivan,15,Raskrsnica sa semaforom,kontrolisana raskrsnica
15,aktivan,16,Raskrsnica sa semaforom,kontrolisana raskrsnica
15,aktivan,17,Raskrsnica sa semaforom,kontrolisana raskrsnica
16,aktivan,15,Raskrsnica sa semaforom,kontrolisana raskrsnica
16,aktivan,16,Raskrsnica sa semaforom,kontrolisana raskrsnica
16,aktivan,17,Raskrsnica sa semaforom,kontrolisana raskrsnica
17,aktivan,15,Raskrsnica sa semaforom,kontrolisana raskrsnica
17,aktivan,16,Raskrsnica sa semaforom,kontrolisana raskrsnica
17,aktivan,17,Raskrsnica sa semaforom,kontrolisana raskrsnica
18,aktivan,18,Raskrsnica sa semaforom,kontrolisana raskrsnica
18,aktivan,19,Raskrsnica sa semaforom,kontrolisana raskrsnica
19,aktivan,18,Raskrsnica sa semaforom,kontrolisana raskrsnica
19,aktivan,19,Raskrsnica sa semaforom,kontrolisana raskrsnica
19,aktivan,20,Raskrsnica sa semaforom,kontrolisana raskrsnica
20,aktivan,19,Raskrsnica sa semaforom,kontrolisana raskrsnica
20,aktivan,20,Raskrsnica sa semaforom,kontrolisana raskrsnica
21,aktivan,21,Raskrsnica sa semaforom,kontrolisana raskrsnica
22,aktivan,22,Raskrsnica sa semaforom,kontrolisana raskrsnica
23,aktivan,23,Raskrsnica sa semaforom,kontrolisana raskrsnica
24,aktivan,24,Raskrsnica sa semaforom,kontrolisana raskrsnica
25,aktivan,25,Raskrsnica sa semaforom,kontrolisana raskrsnica
26,aktivan,26,Raskrsnica sa semaforom,kontrolisana raskrsnica
27,aktivan,27,Raskrsnica sa semaforom,kontrolisana raskrsnica
28,aktivan,28,Raskrsnica sa semaforom,kontrolisana raskrsnica
29,aktivan,29,Raskrsnica sa semaforom,kontrolisana raskrsnica
29,aktivan,33,Raskrsnica sa semaforom,kontrolisana raskrsnica
30,aktivan,30,Raskrsnica sa semaforom,kontrolisana raskrsnica
31,aktivan,31,Raskrsnica sa semaforom,kontrolisana raskrsnica
32,aktivan,32,Raskrsnica sa semaforom,kontrolisana raskrsnica
32,aktivan,38,Raskrsnica sa semaforom,kontrolisana raskrsnica
33,aktivan,29,Raskrsnica sa semaforom,kontrolisana raskrsnica
33,aktivan,33,Raskrsnica sa semaforom,kontrolisana raskrsnica
33,aktivan,34,Raskrsnica sa semaforom,kontrolisana raskrsnica
34,aktivan,33,Raskrsnica sa semaforom,kontrolisana raskrsnica
34,aktivan,34,Raskrsnica sa semaforom,kontrolisana raskrsnica
35,aktivan,35,Raskrsnica sa semaforom,kontrolisana raskrsnica
35,aktivan,36,Raskrsnica sa semaforom,kontrolisana raskrsnica
36,aktivan,35,Raskrsnica sa semaforom,kontrolisana raskrsnica
36,aktivan,36,Raskrsnica sa semaforom,kontrolisana raskrsnica
37,aktivan,37,Raskrsnica sa semaforom,kontrolisana raskrsnica
37,aktivan,45,Raskrsnica sa semaforom,kontrolisana raskrsnica
38,aktivan,32,Raskrsnica sa semaforom,kontrolisana raskrsnica
38,aktivan,38,Raskrsnica sa semaforom,kontrolisana raskrsnica
39,aktivan,39,Raskrsnica sa semaforom,kontrolisana raskrsnica
40,aktivan,40,Raskrsnica sa semaforom,kontrolisana raskrsnica
41,aktivan,41,Raskrsnica sa semaforom,kontrolisana raskrsnica
42,aktivan,42,Raskrsnica sa semaforom,kontrolisana raskrsnica
43,aktivan,43,Raskrsnica sa semaforom,kontrolisana raskrsnica
44,aktivan,44,Raskrsnica sa semaforom,kontrolisana raskrsnica
45,aktivan,37,Raskrsnica sa semaforom,kontrolisana raskrsnica
45,aktivan,45,Raskrsnica sa semaforom,kontrolisana raskrsnica
46,aktivan,46,Raskrsnica sa semaforom,kontrolisana raskrsnica
47,aktivan,47,Raskrsnica sa semaforom,kontrolisana raskrsnica
48,aktivan,48,Raskrsnica sa semaforom,kontrolisana raskrsnica
49,aktivan,49,Raskrsnica sa semaforom,kontrolisana raskrsnica
49,aktivan,50,Raskrsnica sa semaforom,kontrolisana raskrsnica
49,aktivan,51,Raskrsnica sa semaforom,kontrolisana raskrsnica
50,aktivan,49,Raskrsnica sa semaforom,kontrolisana raskrsnica
50,aktivan,50,Raskrsnica sa semaforom,kontrolisana raskrsnica
50,aktivan,51,Raskrsnica sa semaforom,kontrolisana raskrsnica
50,aktivan,368,Raskrsnica sa semaforom,kontrolisana raskrsnica
51,aktivan,49,Raskrsnica sa semaforom,kontrolisana raskrsnica
51,aktivan,50,Raskrsnica sa semaforom,kontrolisana raskrsnica
51,aktivan,51,Raskrsnica sa semaforom,kontrolisana raskrsnica
51,aktivan,368,Raskrsnica sa semaforom,kontrolisana raskrsnica
52,aktivan,52,Raskrsnica sa semaforom,kontrolisana raskrsnica
52,aktivan,53,Raskrsnica sa semaforom,kontrolisana raskrsnica
53,aktivan,52,Raskrsnica sa semaforom,kontrolisana raskrsnica
53,aktivan,53,Raskrsnica sa semaforom,kontrolisana raskrsnica
53,aktivan,54,Raskrsnica sa semaforom,kontrolisana raskrsnica
54,aktivan,53,Raskrsnica sa semaforom,kontrolisana raskrsnica
54,aktivan,54,Raskrsnica sa semaforom,kontrolisana raskrsnica
55,aktivan,55,Raskrsnica sa semaforom,kontrolisana raskrsnica
56,aktivan,56,Raskrsnica sa semaforom,kontrolisana raskrsnica
57,aktivan,57,Raskrsnica sa semaforom,kontrolisana raskrsnica
58,aktivan,58,Raskrsnica sa semaforom,kontrolisana raskrsnica
59,aktivan,59,Raskrsnica sa semaforom,kontrolisana raskrsnica
60,aktivan,60,Raskrsnica sa semaforom,kontrolisana raskrsnica
61,aktivan,61,Raskrsnica sa semaforom,kontrolisana raskrsnica
62,aktivan,62,Raskrsnica sa semaforom,kontrolisana raskrsnica
62,aktivan,63,Raskrsnica sa semaforom,kontrolisana raskrsnica
62,aktivan,64,Raskrsnica sa semaforom,kontrolisana raskrsnica
62,aktivan,65,Raskrsnica sa semaforom,kontrolisana raskrsnica
63,aktivan,62,Raskrsnica sa semaforom,kontrolisana raskrsnica
63,aktivan,63,Raskrsnica sa semaforom,kontrolisana raskrsnica
63,aktivan,64,Raskrsnica sa semaforom,kontrolisana raskrsnica
63,aktivan,65,Raskrsnica sa semaforom,kontrolisana raskrsnica
64,aktivan,62,Raskrsnica sa semaforom,kontrolisana raskrsnica
64,aktivan,63,Raskrsnica sa semaforom,kontrolisana raskrsnica
64,aktivan,64,Raskrsnica sa semaforom,kontrolisana raskrsnica
64,aktivan,65,Raskrsnica sa semaforom,kontrolisana raskrsnica
65,aktivan,62,Raskrsnica sa semaforom,kontrolisana raskrsnica
65,aktivan,63,Raskrsnica sa semaforom,kontrolisana raskrsnica
65,aktivan,64,Raskrsnica sa semaforom,kontrolisana raskrsnica
65,aktivan,65,Raskrsnica sa semaforom,kontrolisana raskrsnica
66,aktivan,66,Raskrsnica sa semaforom,kontrolisana raskrsnica
66,aktivan,67,Raskrsnica sa semaforom,kontrolisana raskrsnica
67,aktivan,66,Raskrsnica sa semaforom,kontrolisana raskrsnica
67,aktivan,67,Raskrsnica sa semaforom,kontrolisana raskrsnica
68,aktivan,68,Raskrsnica sa semaforom,kontrolisana raskrsnica
68,aktivan,70,Raskrsnica sa semaforom,kontrolisana raskrsnica
69,aktivan,69,Raskrsnica sa semaforom,kontrolisana raskrsnica
70,aktivan,68,Raskrsnica sa semaforom,kontrolisana raskrsnica
70,aktivan,70,Raskrsnica sa semaforom,kontrolisana raskrsnica
70,aktivan,72,Raskrsnica sa semaforom,kontrolisana raskrsnica
71,aktivan,71,Raskrsnica sa semaforom,kontrolisana raskrsnica
72,aktivan,70,Raskrsnica sa semaforom,kontrolisana raskrsnica
72,aktivan,72,Raskrsnica sa semaforom,kontrolisana raskrsnica
73,aktivan,73,Raskrsnica sa semaforom,kontrolisana raskrsnica
74,aktivan,74,Raskrsnica sa semaforom,kontrolisana raskrsnica
75,aktivan,75,Raskrsnica sa semaforom,kontrolisana raskrsnica
76,aktivan,76,Raskrsnica sa semaforom,kontrolisana raskrsnica
77,aktivan,77,Raskrsnica sa semaforom,kontrolisana raskrsnica
78,aktivan,78,Raskrsnica sa semaforom,kontrolisana raskrsnica
78,aktivan,80,Raskrsnica sa semaforom,kontrolisana raskrsnica
79,aktivan,79,Raskrsnica sa semaforom,kontrolisana raskrsnica
79,aktivan,80,Raskrsnica sa semaforom,kontrolisana raskrsnica
80,aktivan,78,Raskrsnica sa semaforom,kontrolisana raskrsnica
80,aktivan,79,Raskrsnica sa semaforom,kontrolisana raskrsnica
80,aktivan,80,Raskrsnica sa semaforom,kontrolisana raskrsnica
81,aktivan,81,Raskrsnica sa semaforom,kontrolisana raskrsnica
82,aktivan,82,Raskrsnica sa semaforom,kontrolisana raskrsnica
83,aktivan,83,Raskrsnica sa semaforom,kontrolisana raskrsnica
83,aktivan,84,Raskrsnica sa semaforom,kontrolisana raskrsnica
84,aktivan,83,Raskrsnica sa semaforom,kontrolisana raskrsnica
84,aktivan,84,Raskrsnica sa semaforom,kontrolisana raskrsnica
85,aktivan,85,Raskrsnica sa semaforom,kontrolisana raskrsnica
85,aktivan,86,Raskrsnica sa semaforom,kontrolisana raskrsnica
86,aktivan,85,Raskrsnica sa semaforom,kontrolisana raskrsnica
86,aktivan,86,Raskrsnica sa semaforom,kontrolisana raskrsnica
87,aktivan,87,Raskrsnica sa semaforom,kontrolisana raskrsnica
87,aktivan,88,Raskrsnica sa semaforom,kontrolisana raskrsnica
87,aktivan,89,Raskrsnica sa semaforom,kontrolisana raskrsnica
88,aktivan,87,Raskrsnica sa semaforom,kontrolisana raskrsnica
88,aktivan,88,Raskrsnica sa semaforom,kontrolisana raskrsnica
88,aktivan,90,Raskrsnica sa semaforom,kontrolisana raskrsnica
89,aktivan,87,Raskrsnica sa semaforom,kontrolisana raskrsnica
89,aktivan,89,Raskrsnica sa semaforom,kontrolisana raskrsnica
89,aktivan,90,Raskrsnica sa semaforom,kontrolisana raskrsnica
90,aktivan,88,Raskrsnica sa semaforom,kontrolisana raskrsnica
90,aktivan,89,Raskrsnica sa semaforom,kontrolisana raskrsnica
90,aktivan,90,Raskrsnica sa semaforom,kontrolisana raskrsnica
91,aktivan,91,Raskrsnica sa semaforom,kontrolisana raskrsnica
92,aktivan,92,Raskrsnica sa semaforom,kontrolisana raskrsnica
93,aktivan,93,Raskrsnica sa semaforom,kontrolisana raskrsnica
94,aktivan,94,Raskrsnica sa semaforom,kontrolisana raskrsnica
95,aktivan,95,Raskrsnica sa semaforom,kontrolisana raskrsnica
95,aktivan,96,Raskrsnica sa semaforom,kontrolisana raskrsnica
96,aktivan,95,Raskrsnica sa semaforom,kontrolisana raskrsnica
96,aktivan,96,Raskrsnica sa semaforom,kontrolisana raskrsnica
97,aktivan,97,Raskrsnica sa semaforom,kontrolisana raskrsnica
97,aktivan,99,Raskrsnica sa semaforom,kontrolisana raskrsnica
98,aktivan,98,Raskrsnica sa semaforom,kontrolisana raskrsnica
98,aktivan,100,Raskrsnica sa semaforom,kontrolisana raskrsnica
99,aktivan,97,Raskrsnica sa semaforom,kontrolisana raskrsnica
99,aktivan,99,Raskrsnica sa semaforom,kontrolisana raskrsnica
100,aktivan,98,Raskrsnica sa semaforom,kontrolisana raskrsnica
100,aktivan,100,Raskrsnica sa semaforom,kontrolisana raskrsnica
101,aktivan,101,Raskrsnica sa semaforom,kontrolisana raskrsnica
102,aktivan,102,Raskrsnica sa semaforom,kontrolisana raskrsnica
102,aktivan,103,Raskrsnica sa semaforom,kontrolisana raskrsnica
102,aktivan,104,Raskrsnica sa semaforom,kontrolisana raskrsnica
103,aktivan,102,Raskrsnica sa semaforom,kontrolisana raskrsnica
103,aktivan,103,Raskrsnica sa semaforom,kontrolisana raskrsnica
103,aktivan,104,Raskrsnica sa semaforom,kontrolisana raskrsnica
103,aktivan,105,Raskrsnica sa semaforom,kontrolisana raskrsnica
104,aktivan,102,Raskrsnica sa semaforom,kontrolisana raskrsnica
104,aktivan,103,Raskrsnica sa semaforom,kontrolisana raskrsnica
104,aktivan,104,Raskrsnica sa semaforom,kontrolisana raskrsnica
104,aktivan,105,Raskrsnica sa semaforom,kontrolisana raskrsnica
105,aktivan,103,Raskrsnica sa semaforom,kontrolisana raskrsnica
105,aktivan,104,Raskrsnica sa semaforom,kontrolisana raskrsnica
105,aktivan,105,Raskrsnica sa semaforom,kontrolisana raskrsnica
106,aktivan,106,Raskrsnica sa semaforom,kontrolisana raskrsnica
107,aktivan,107,Raskrsnica sa semaforom,kontrolisana raskrsnica
108,aktivan,108,Raskrsnica sa semaforom,kontrolisana raskrsnica
109,aktivan,109,Raskrsnica sa semaforom,kontrolisana raskrsnica
110,aktivan,110,Raskrsnica sa semaforom,kontrolisana raskrsnica
111,aktivan,111,Raskrsnica sa semaforom,kontrolisana raskrsnica
112,aktivan,112,Raskrsnica sa semaforom,kontrolisana raskrsnica
113,aktivan,113,Raskrsnica sa semaforom,kontrolisana raskrsnica
114,aktivan,114,Raskrsnica sa semaforom,kontrolisana raskrsnica
115,aktivan,115,Raskrsnica sa semaforom,kontrolisana raskrsnica
116,aktivan,116,Raskrsnica sa semaforom,kontrolisana raskrsnica
117,aktivan,117,Raskrsnica sa semaforom,kontrolisana raskrsnica
118,aktivan,118,Raskrsnica sa semaforom,kontrolisana raskrsnica
119,aktivan,119,Raskrsnica sa semaforom,kontrolisana raskrsnica
120,aktivan,120,Raskrsnica sa semaforom,kontrolisana raskrsnica
121,aktivan,121,Raskrsnica sa semaforom,kontrolisana raskrsnica
122,aktivan,122,Raskrsnica sa semaforom,kontrolisana raskrsnica
123,aktivan,123,Raskrsnica sa semaforom,kontrolisana raskrsnica
124,aktivan,124,Raskrsnica sa semaforom,kontrolisana raskrsnica
124,aktivan,125,Raskrsnica sa semaforom,kontrolisana raskrsnica
124,aktivan,126,Raskrsnica sa semaforom,kontrolisana raskrsnica
124,aktivan,127,Raskrsnica sa semaforom,kontrolisana raskrsnica
125,aktivan,124,Raskrsnica sa semaforom,kontrolisana raskrsnica
125,aktivan,125,Raskrsnica sa semaforom,kontrolisana raskrsnica
125,aktivan,126,Raskrsnica sa semaforom,kontrolisana raskrsnica
125,aktivan,127,Raskrsnica sa semaforom,kontrolisana raskrsnica
126,aktivan,124,Raskrsnica sa semaforom,kontrolisana raskrsnica
126,aktivan,125,Raskrsnica sa semaforom,kontrolisana raskrsnica
126,aktivan,126,Raskrsnica sa semaforom,kontrolisana raskrsnica
126,aktivan,127,Raskrsnica sa semaforom,kontrolisana raskrsnica
127,aktivan,124,Raskrsnica sa semaforom,kontrolisana raskrsnica
127,aktivan,125,Raskrsnica sa semaforom,kontrolisana raskrsnica
127,aktivan,126,Raskrsnica sa semaforom,kontrolisana raskrsnica
127,aktivan,127,Raskrsnica sa semaforom,kontrolisana raskrsnica
128,aktivan,128,Raskrsnica sa semaforom,kontrolisana raskrsnica
128,aktivan,130,Raskrsnica sa semaforom,kontrolisana raskrsnica
129,aktivan,129,Raskrsnica sa semaforom,kontrolisana raskrsnica
130,aktivan,128,Raskrsnica sa semaforom,kontrolisana raskrsnica
130,aktivan,130,Raskrsnica sa semaforom,kontrolisana raskrsnica
131,aktivan,131,Raskrsnica sa semaforom,kontrolisana raskrsnica
131,aktivan,132,Raskrsnica sa semaforom,kontrolisana raskrsnica
132,aktivan,131,Raskrsnica sa semaforom,kontrolisana raskrsnica
132,aktivan,132,Raskrsnica sa semaforom,kontrolisana raskrsnica
132,aktivan,134,Raskrsnica sa semaforom,kontrolisana raskrsnica
133,aktivan,133,Raskrsnica sa semaforom,kontrolisana raskrsnica
133,aktivan,134,Raskrsnica sa semaforom,kontrolisana raskrsnica
134,aktivan,132,Raskrsnica sa semaforom,kontrolisana raskrsnica
134,aktivan,133,Raskrsnica sa semaforom,kontrolisana raskrsnica
134,aktivan,134,Raskrsnica sa semaforom,kontrolisana raskrsnica
135,aktivan,135,Raskrsnica sa semaforom,kontrolisana raskrsnica
136,aktivan,136,Raskrsnica sa semaforom,kontrolisana raskrsnica
136,aktivan,166,Raskrsnica sa semaforom,kontrolisana raskrsnica
136,aktivan,169,Raskrsnica sa semaforom,kontrolisana raskrsnica
137,aktivan,137,Raskrsnica sa semaforom,kontrolisana raskrsnica
137,aktivan,138,Raskrsnica sa semaforom,kontrolisana raskrsnica
138,aktivan,137,Raskrsnica sa semaforom,kontrolisana raskrsnica
138,aktivan,138,Raskrsnica sa semaforom,kontrolisana raskrsnica
139,aktivan,139,Raskrsnica sa semaforom,kontrolisana raskrsnica
140,aktivan,140,Raskrsnica sa semaforom,kontrolisana raskrsnica
141,aktivan,141,Raskrsnica sa semaforom,kontrolisana raskrsnica
142,aktivan,142,Raskrsnica sa semaforom,kontrolisana raskrsnica
143,aktivan,143,Raskrsnica sa semaforom,kontrolisana raskrsnica
144,aktivan,144,Raskrsnica sa semaforom,kontrolisana raskrsnica
144,aktivan,145,Raskrsnica sa semaforom,kontrolisana raskrsnica
144,aktivan,147,Raskrsnica sa semaforom,kontrolisana raskrsnica
145,aktivan,144,Raskrsnica sa semaforom,kontrolisana raskrsnica
145,aktivan,145,Raskrsnica sa semaforom,kontrolisana raskrsnica
145,aktivan,147,Raskrsnica sa semaforom,kontrolisana raskrsnica
146,aktivan,146,Raskrsnica sa semaforom,kontrolisana raskrsnica
146,aktivan,147,Raskrsnica sa semaforom,kontrolisana raskrsnica
147,aktivan,144,Raskrsnica sa semaforom,kontrolisana raskrsnica
147,aktivan,145,Raskrsnica sa semaforom,kontrolisana raskrsnica
147,aktivan,146,Raskrsnica sa semaforom,kontrolisana raskrsnica
147,aktivan,147,Raskrsnica sa semaforom,kontrolisana raskrsnica
148,aktivan,148,Raskrsnica sa semaforom,kontrolisana raskrsnica
149,aktivan,149,Raskrsnica sa semaforom,kontrolisana raskrsnica
149,aktivan,151,Raskrsnica sa semaforom,kontrolisana raskrsnica
150,aktivan,150,Raskrsnica sa semaforom,kontrolisana raskrsnica
150,aktivan,151,Raskrsnica sa semaforom,kontrolisana raskrsnica
151,aktivan,149,Raskrsnica sa semaforom,kontrolisana raskrsnica
151,aktivan,150,Raskrsnica sa semaforom,kontrolisana raskrsnica
151,aktivan,151,Raskrsnica sa semaforom,kontrolisana raskrsnica
152,aktivan,152,Raskrsnica sa semaforom,kontrolisana raskrsnica
152,aktivan,153,Raskrsnica sa semaforom,kontrolisana raskrsnica
152,aktivan,154,Raskrsnica sa semaforom,kontrolisana raskrsnica
153,aktivan,152,Raskrsnica sa semaforom,kontrolisana raskrsnica
153,aktivan,153,Raskrsnica sa semaforom,kontrolisana raskrsnica
153,aktivan,154,Raskrsnica sa semaforom,kontrolisana raskrsnica
153,aktivan,155,Raskrsnica sa semaforom,kontrolisana raskrsnica
154,aktivan,152,Raskrsnica sa semaforom,kontrolisana raskrsnica
154,aktivan,153,Raskrsnica sa semaforom,kontrolisana raskrsnica
154,aktivan,154,Raskrsnica sa semaforom,kontrolisana raskrsnica
154,aktivan,155,Raskrsnica sa semaforom,kontrolisana raskrsnica
155,aktivan,153,Raskrsnica sa semaforom,kontrolisana raskrsnica
155,aktivan,154,Raskrsnica sa semaforom,kontrolisana raskrsnica
155,aktivan,155,Raskrsnica sa semaforom,kontrolisana raskrsnica
156,aktivan,156,Raskrsnica sa semaforom,kontrolisana raskrsnica
156,aktivan,158,Raskrsnica sa semaforom,kontrolisana raskrsnica
157,aktivan,157,Raskrsnica sa semaforom,kontrolisana raskrsnica
157,aktivan,158,Raskrsnica sa semaforom,kontrolisana raskrsnica
158,aktivan,156,Raskrsnica sa semaforom,kontrolisana raskrsnica
158,aktivan,157,Raskrsnica sa semaforom,kontrolisana raskrsnica
158,aktivan,158,Raskrsnica sa semaforom,kontrolisana raskrsnica
159,aktivan,159,Raskrsnica sa semaforom,kontrolisana raskrsnica
159,aktivan,160,Raskrsnica sa semaforom,kontrolisana raskrsnica
160,aktivan,159,Raskrsnica sa semaforom,kontrolisana raskrsnica
160,aktivan,160,Raskrsnica sa semaforom,kontrolisana raskrsnica
160,aktivan,188,Raskrsnica sa semaforom,kontrolisana raskrsnica
161,aktivan,161,Raskrsnica sa semaforom,kontrolisana raskrsnica
162,aktivan,162,Raskrsnica sa semaforom,kontrolisana raskrsnica
163,aktivan,163,Raskrsnica sa semaforom,kontrolisana raskrsnica
164,aktivan,164,Raskrsnica sa semaforom,kontrolisana raskrsnica
165,aktivan,165,Raskrsnica sa semaforom,kontrolisana raskrsnica
166,aktivan,136,Raskrsnica sa semaforom,kontrolisana raskrsnica
166,aktivan,166,Raskrsnica sa semaforom,kontrolisana raskrsnica
167,aktivan,167,Raskrsnica sa semaforom,kontrolisana raskrsnica
168,aktivan,168,Raskrsnica sa semaforom,kontrolisana raskrsnica
169,aktivan,136,Raskrsnica sa semaforom,kontrolisana raskrsnica
169,aktivan,169,Raskrsnica sa semaforom,kontrolisana raskrsnica
170,aktivan,170,Raskrsnica sa semaforom,kontrolisana raskrsnica
170,aktivan,425,Raskrsnica Laze Telečkog / Futoška,nekontrolisana raskrsnica
171,aktivan,171,Raskrsnica sa semaforom,kontrolisana raskrsnica
172,aktivan,172,Raskrsnica sa semaforom,kontrolisana raskrsnica
173,aktivan,173,Raskrsnica sa semaforom,kontrolisana raskrsnica
174,aktivan,174,Raskrsnica sa semaforom,kontrolisana raskrsnica
175,aktivan,175,Raskrsnica sa semaforom,kontrolisana raskrsnica
176,aktivan,176,Raskrsnica sa semaforom,kontrolisana raskrsnica
176,aktivan,177,Raskrsnica sa semaforom,kontrolisana raskrsnica
177,aktivan,176,Raskrsnica sa semaforom,kontrolisana raskrsnica
177,aktivan,177,Raskrsnica sa semaforom,kontrolisana raskrsnica
178,aktivan,178,Raskrsnica sa semaforom,kontrolisana raskrsnica
178,aktivan,179,Raskrsnica sa semaforom,kontrolisana raskrsnica
179,aktivan,178,Raskrsnica sa semaforom,kontrolisana raskrsnica
179,aktivan,179,Raskrsnica sa semaforom,kontrolisana raskrsnica
180,aktivan,180,Raskrsnica sa semaforom,kontrolisana raskrsnica
180,aktivan,181,Raskrsnica sa semaforom,kontrolisana raskrsnica
181,aktivan,180,Raskrsnica sa semaforom,kontrolisana raskrsnica
181,aktivan,181,Raskrsnica sa semaforom,kontrolisana raskrsnica
182,aktivan,182,Raskrsnica sa semaforom,kontrolisana raskrsnica
183,aktivan,183,Raskrsnica sa semaforom,kontrolisana raskrsnica
183,aktivan,184,Raskrsnica sa semaforom,kontrolisana raskrsnica
184,aktivan,183,Raskrsnica sa semaforom,kontrolisana raskrsnica
184,aktivan,184,Raskrsnica sa semaforom,kontrolisana raskrsnica
185,aktivan,185,Raskrsnica sa semaforom,kontrolisana raskrsnica
186,aktivan,186,Raskrsnica sa semaforom,kontrolisana raskrsnica
187,aktivan,187,Raskrsnica sa semaforom,kontrolisana raskrsnica
188,aktivan,160,Raskrsnica sa semaforom,kontrolisana raskrsnica
188,aktivan,188,Raskrsnica sa semaforom,kontrolisana raskrsnica
189,aktivan,189,Raskrsnica sa semaforom,kontrolisana raskrsnica
190,aktivan,190,Raskrsnica sa semaforom,kontrolisana raskrsnica
191,aktivan,191,Raskrsnica sa semaforom,kontrolisana raskrsnica
192,aktivan,192,Raskrsnica sa semaforom,kontrolisana raskrsnica
193,aktivan,193,Raskrsnica sa semaforom,kontrolisana raskrsnica
193,aktivan,195,Raskrsnica sa semaforom,kontrolisana raskrsnica
194,aktivan,194,Raskrsnica sa semaforom,kontrolisana raskrsnica
195,aktivan,193,Raskrsnica sa semaforom,kontrolisana raskrsnica
195,aktivan,195,Raskrsnica sa semaforom,kontrolisana raskrsnica
196,aktivan,196,Raskrsnica sa semaforom,kontrolisana raskrsnica
197,aktivan,197,Raskrsnica sa semaforom,kontrolisana raskrsnica
198,aktivan,198,Raskrsnica sa semaforom,kontrolisana raskrsnica
199,aktivan,199,Raskrsnica sa semaforom,kontrolisana raskrsnica
200,aktivan,200,Raskrsnica sa semaforom,kontrolisana raskrsnica
201,aktivan,201,Raskrsnica sa semaforom,kontrolisana raskrsnica
202,aktivan,202,Raskrsnica sa semaforom,kontrolisana raskrsnica
203,aktivan,203,Raskrsnica sa semaforom,kontrolisana raskrsnica
204,aktivan,204,Raskrsnica sa semaforom,kontrolisana raskrsnica
204,aktivan,231,Raskrsnica sa semaforom,kontrolisana raskrsnica
205,aktivan,205,Raskrsnica sa semaforom,kontrolisana raskrsnica
206,aktivan,206,Raskrsnica sa semaforom,kontrolisana raskrsnica
206,aktivan,208,Raskrsnica sa semaforom,kontrolisana raskrsnica
207,aktivan,207,Raskrsnica sa semaforom,kontrolisana raskrsnica
208,aktivan,206,Raskrsnica sa semaforom,kontrolisana raskrsnica
208,aktivan,208,Raskrsnica sa semaforom,kontrolisana raskrsnica
209,aktivan,209,Raskrsnica sa semaforom,kontrolisana raskrsnica
210,aktivan,210,Raskrsnica sa semaforom,kontrolisana raskrsnica
211,aktivan,211,Raskrsnica sa semaforom,kontrolisana raskrsnica
211,aktivan,228,Raskrsnica sa semaforom,kontrolisana raskrsnica
211,aktivan,229,Raskrsnica sa semaforom,kontrolisana raskrsnica
212,aktivan,212,Raskrsnica sa semaforom,kontrolisana raskrsnica
213,aktivan,213,Raskrsnica sa semaforom,kontrolisana raskrsnica
214,aktivan,214,Raskrsnica sa semaforom,kontrolisana raskrsnica
214,aktivan,215,Raskrsnica sa semaforom,kontrolisana raskrsnica
214,aktivan,216,Raskrsnica sa semaforom,kontrolisana raskrsnica
215,aktivan,214,Raskrsnica sa semaforom,kontrolisana raskrsnica
215,aktivan,215,Raskrsnica sa semaforom,kontrolisana raskrsnica
216,aktivan,214,Raskrsnica sa semaforom,kontrolisana raskrsnica
216,aktivan,216,Raskrsnica sa semaforom,kontrolisana raskrsnica
216,aktivan,217,Raskrsnica sa semaforom,kontrolisana raskrsnica
217,aktivan,216,Raskrsnica sa semaforom,kontrolisana raskrsnica
217,aktivan,217,Raskrsnica sa semaforom,kontrolisana raskrsnica
218,aktivan,218,Raskrsnica sa semaforom,kontrolisana raskrsnica
218,aktivan,319,Raskrsnica sa semaforom,kontrolisana raskrsnica
219,aktivan,219,Raskrsnica sa semaforom,kontrolisana raskrsnica
219,aktivan,318,Raskrsnica sa semaforom,kontrolisana raskrsnica
220,aktivan,220,Raskrsnica sa semaforom,kontrolisana raskrsnica
220,aktivan,241,Raskrsnica sa semaforom,kontrolisana raskrsnica
220,aktivan,243,Raskrsnica sa semaforom,kontrolisana raskrsnica
221,aktivan,221,Raskrsnica sa semaforom,kontrolisana raskrsnica
222,aktivan,222,Raskrsnica sa semaforom,kontrolisana raskrsnica
222,aktivan,223,Raskrsnica sa semaforom,kontrolisana raskrsnica
223,aktivan,222,Raskrsnica sa semaforom,kontrolisana raskrsnica
223,aktivan,223,Raskrsnica sa semaforom,kontrolisana raskrsnica
223,aktivan,224,Raskrsnica sa semaforom,kontrolisana raskrsnica
224,aktivan,223,Raskrsnica sa semaforom,kontrolisana raskrsnica
224,aktivan,224,Raskrsnica sa semaforom,kontrolisana raskrsnica
225,aktivan,225,Raskrsnica sa semaforom,kontrolisana raskrsnica
226,aktivan,226,Raskrsnica sa semaforom,kontrolisana raskrsnica
227,aktivan,227,Raskrsnica sa semaforom,kontrolisana raskrsnica
228,aktivan,211,Raskrsnica sa semaforom,kontrolisana raskrsnica
228,aktivan,228,Raskrsnica sa semaforom,kontrolisana raskrsnica
228,aktivan,230,Raskrsnica sa semaforom,kontrolisana raskrsnica
229,aktivan,211,Raskrsnica sa semaforom,kontrolisana raskrsnica
229,aktivan,229,Raskrsnica sa semaforom,kontrolisana raskrsnica
229,aktivan,230,Raskrsnica sa semaforom,kontrolisana raskrsnica
230,aktivan,228,Raskrsnica sa semaforom,kontrolisana raskrsnica
230,aktivan,229,Raskrsnica sa semaforom,kontrolisana raskrsnica
230,aktivan,230,Raskrsnica sa semaforom,kontrolisana raskrsnica
231,aktivan,204,Raskrsnica sa semaforom,kontrolisana raskrsnica
231,aktivan,231,Raskrsnica sa semaforom,kontrolisana raskrsnica
232,aktivan,232,Raskrsnica sa semaforom,kontrolisana raskrsnica
233,aktivan,233,Raskrsnica sa semaforom,kontrolisana raskrsnica
234,aktivan,234,Raskrsnica sa semaforom,kontrolisana raskrsnica
235,aktivan,235,Raskrsnica sa semaforom,kontrolisana raskrsnica
236,aktivan,236,Raskrsnica sa semaforom,kontrolisana raskrsnica
237,aktivan,237,Raskrsnica sa semaforom,kontrolisana raskrsnica
238,aktivan,238,Raskrsnica sa semaforom,kontrolisana raskrsnica
239,aktivan,239,Raskrsnica sa semaforom,kontrolisana raskrsnica
240,aktivan,240,Raskrsnica sa semaforom,kontrolisana raskrsnica
241,aktivan,220,Raskrsnica sa semaforom,kontrolisana raskrsnica
241,aktivan,241,Raskrsnica sa semaforom,kontrolisana raskrsnica
242,aktivan,242,Raskrsnica sa semaforom,kontrolisana raskrsnica
242,aktivan,246,Raskrsnica sa semaforom,kontrolisana raskrsnica
243,aktivan,220,Raskrsnica sa semaforom,kontrolisana raskrsnica
243,aktivan,243,Raskrsnica sa semaforom,kontrolisana raskrsnica
243,aktivan,244,Raskrsnica sa semaforom,kontrolisana raskrsnica
244,aktivan,243,Raskrsnica sa semaforom,kontrolisana raskrsnica
244,aktivan,244,Raskrsnica sa semaforom,kontrolisana raskrsnica
245,aktivan,245,Raskrsnica sa semaforom,kontrolisana raskrsnica
246,aktivan,242,Raskrsnica sa semaforom,kontrolisana raskrsnica
246,aktivan,246,Raskrsnica sa semaforom,kontrolisana raskrsnica
247,aktivan,247,Raskrsnica sa semaforom,kontrolisana raskrsnica
247,aktivan,248,Raskrsnica sa semaforom,kontrolisana raskrsnica
247,aktivan,250,Raskrsnica sa semaforom,kontrolisana raskrsnica
248,aktivan,247,Raskrsnica sa semaforom,kontrolisana raskrsnica
248,aktivan,248,Raskrsnica sa semaforom,kontrolisana raskrsnica
248,aktivan,252,Raskrsnica sa semaforom,kontrolisana raskrsnica
249,aktivan,249,Raskrsnica sa semaforom,kontrolisana raskrsnica
250,aktivan,247,Raskrsnica sa semaforom,kontrolisana raskrsnica
250,aktivan,250,Raskrsnica sa semaforom,kontrolisana raskrsnica
251,aktivan,251,Raskrsnica sa semaforom,kontrolisana raskrsnica
252,aktivan,248,Raskrsnica sa semaforom,kontrolisana raskrsnica
252,aktivan,252,Raskrsnica sa semaforom,kontrolisana raskrsnica
253,aktivan,253,Raskrsnica sa semaforom,kontrolisana raskrsnica
253,aktivan,255,Raskrsnica sa semaforom,kontrolisana raskrsnica
254,aktivan,254,Raskrsnica sa semaforom,kontrolisana raskrsnica
255,aktivan,253,Raskrsnica sa semaforom,kontrolisana raskrsnica
255,aktivan,255,Raskrsnica sa semaforom,kontrolisana raskrsnica
256,aktivan,256,Raskrsnica sa semaforom,kontrolisana raskrsnica
256,aktivan,257,Raskrsnica sa semaforom,kontrolisana raskrsnica
257,aktivan,256,Raskrsnica sa semaforom,kontrolisana raskrsnica
257,aktivan,257,Raskrsnica sa semaforom,kontrolisana raskrsnica
257,aktivan,259,Raskrsnica sa semaforom,kontrolisana raskrsnica
258,aktivan,258,Raskrsnica sa semaforom,kontrolisana raskrsnica
258,aktivan,259,Raskrsnica sa semaforom,kontrolisana raskrsnica
259,aktivan,257,Raskrsnica sa semaforom,kontrolisana raskrsnica
259,aktivan,258,Raskrsnica sa semaforom,kontrolisana raskrsnica
259,aktivan,259,Raskrsnica sa semaforom,kontrolisana raskrsnica
260,aktivan,260,Raskrsnica sa semaforom,kontrolisana raskrsnica
261,aktivan,261,Raskrsnica sa semaforom,kontrolisana raskrsnica
262,aktivan,262,Raskrsnica sa semaforom,kontrolisana raskrsnica
263,aktivan,263,Raskrsnica sa semaforom,kontrolisana raskrsnica
264,aktivan,264,Raskrsnica sa semaforom,kontrolisana raskrsnica
265,aktivan,265,Raskrsnica sa semaforom,kontrolisana raskrsnica
266,aktivan,266,Raskrsnica sa semaforom,kontrolisana raskrsnica
267,aktivan,267,Raskrsnica sa semaforom,kontrolisana raskrsnica
268,aktivan,268,Raskrsnica sa semaforom,kontrolisana raskrsnica
269,aktivan,269,Raskrsnica sa semaforom,kontrolisana raskrsnica
270,aktivan,270,Raskrsnica sa semaforom,kontrolisana raskrsnica
270,aktivan,271,Raskrsnica sa semaforom,kontrolisana raskrsnica
271,aktivan,270,Raskrsnica sa semaforom,kontrolisana raskrsnica
271,aktivan,271,Raskrsnica sa semaforom,kontrolisana raskrsnica
272,aktivan,272,Raskrsnica sa semaforom,kontrolisana raskrsnica
273,aktivan,273,Raskrsnica sa semaforom,kontrolisana raskrsnica
274,aktivan,274,Raskrsnica sa semaforom,kontrolisana raskrsnica
275,aktivan,275,Raskrsnica sa semaforom,kontrolisana raskrsnica
275,aktivan,276,Raskrsnica sa semaforom,kontrolisana raskrsnica
276,aktivan,275,Raskrsnica sa semaforom,kontrolisana raskrsnica
276,aktivan,276,Raskrsnica sa semaforom,kontrolisana raskrsnica
276,aktivan,277,Raskrsnica sa semaforom,kontrolisana raskrsnica
277,aktivan,276,Raskrsnica sa semaforom,kontrolisana raskrsnica
277,aktivan,277,Raskrsnica sa semaforom,kontrolisana raskrsnica
277,aktivan,278,Raskrsnica sa semaforom,kontrolisana raskrsnica
278,aktivan,277,Raskrsnica sa semaforom,kontrolisana raskrsnica
278,aktivan,278,Raskrsnica sa semaforom,kontrolisana raskrsnica
279,aktivan,279,Raskrsnica sa semaforom,kontrolisana raskrsnica
280,aktivan,280,Raskrsnica sa semaforom,kontrolisana raskrsnica
281,aktivan,281,Raskrsnica sa semaforom,kontrolisana raskrsnica
282,aktivan,282,Raskrsnica sa semaforom,kontrolisana raskrsnica
283,aktivan,283,Raskrsnica sa semaforom,kontrolisana raskrsnica
283,aktivan,285,Raskrsnica sa semaforom,kontrolisana raskrsnica
283,aktivan,288,Raskrsnica sa semaforom,kontrolisana raskrsnica
284,aktivan,284,Raskrsnica sa semaforom,kontrolisana raskrsnica
285,aktivan,283,Raskrsnica sa semaforom,kontrolisana raskrsnica
285,aktivan,285,Raskrsnica sa semaforom,kontrolisana raskrsnica
285,aktivan,286,Raskrsnica sa semaforom,kontrolisana raskrsnica
286,aktivan,285,Raskrsnica sa semaforom,kontrolisana raskrsnica
286,aktivan,286,Raskrsnica sa semaforom,kontrolisana raskrsnica
286,aktivan,288,Raskrsnica sa semaforom,kontrolisana raskrsnica
287,aktivan,287,Raskrsnica sa semaforom,kontrolisana raskrsnica
288,aktivan,283,Raskrsnica sa semaforom,kontrolisana raskrsnica
288,aktivan,286,Raskrsnica sa semaforom,kontrolisana raskrsnica
288,aktivan,288,Raskrsnica sa semaforom,kontrolisana raskrsnica
289,aktivan,289,Raskrsnica sa semaforom,kontrolisana raskrsnica
290,aktivan,290,Raskrsnica sa semaforom,kontrolisana raskrsnica
291,aktivan,291,Raskrsnica sa semaforom,kontrolisana raskrsnica
292,aktivan,292,Raskrsnica sa semaforom,kontrolisana raskrsnica
292,aktivan,293,Raskrsnica sa semaforom,kontrolisana raskrsnica
293,aktivan,292,Raskrsnica sa semaforom,kontrolisana raskrsnica
293,aktivan,293,Raskrsnica sa semaforom,kontrolisana raskrsnica
294,aktivan,294,Raskrsnica sa semaforom,kontrolisana raskrsnica
295,aktivan,295,Raskrsnica sa semaforom,kontrolisana raskrsnica
295,aktivan,305,Raskrsnica sa semaforom,kontrolisana raskrsnica
296,aktivan,296,Raskrsnica sa semaforom,kontrolisana raskrsnica
297,aktivan,297,Raskrsnica sa semaforom,kontrolisana raskrsnica
298,aktivan,298,Raskrsnica sa semaforom,kontrolisana raskrsnica
299,aktivan,299,Raskrsnica sa semaforom,kontrolisana raskrsnica
300,aktivan,300,Raskrsnica sa semaforom,kontrolisana raskrsnica
301,aktivan,301,Raskrsnica sa semaforom,kontrolisana raskrsnica
301,aktivan,313,Raskrsnica sa semaforom,kontrolisana raskrsnica
302,aktivan,302,Raskrsnica sa semaforom,kontrolisana raskrsnica
303,aktivan,303,Raskrsnica sa semaforom,kontrolisana raskrsnica
304,aktivan,304,Raskrsnica sa semaforom,kontrolisana raskrsnica
305,aktivan,295,Raskrsnica sa semaforom,kontrolisana raskrsnica
305,aktivan,305,Raskrsnica sa semaforom,kontrolisana raskrsnica
305,aktivan,352,Raskrsnica sa semaforom,kontrolisana raskrsnica
306,aktivan,306,Raskrsnica sa semaforom,kontrolisana raskrsnica
306,aktivan,352,Raskrsnica sa semaforom,kontrolisana raskrsnica
307,aktivan,307,Raskrsnica sa semaforom,kontrolisana raskrsnica
308,aktivan,308,Raskrsnica sa semaforom,kontrolisana raskrsnica
309,aktivan,309,Raskrsnica sa semaforom,kontrolisana raskrsnica
310,aktivan,310,Raskrsnica sa semaforom,kontrolisana raskrsnica
311,aktivan,311,Raskrsnica sa semaforom,kontrolisana raskrsnica
311,aktivan,312,Raskrsnica sa semaforom,kontrolisana raskrsnica
312,aktivan,311,Raskrsnica sa semaforom,kontrolisana raskrsnica
312,aktivan,312,Raskrsnica sa semaforom,kontrolisana raskrsnica
313,aktivan,301,Raskrsnica sa semaforom,kontrolisana raskrsnica
313,aktivan,313,Raskrsnica sa semaforom,kontrolisana raskrsnica
314,aktivan,314,Raskrsnica sa semaforom,kontrolisana raskrsnica
314,aktivan,315,Raskrsnica sa semaforom,kontrolisana raskrsnica
315,aktivan,314,Raskrsnica sa semaforom,kontrolisana raskrsnica
315,aktivan,315,Raskrsnica sa semaforom,kontrolisana raskrsnica
316,aktivan,316,Raskrsnica sa semaforom,kontrolisana raskrsnica
316,aktivan,317,Raskrsnica sa semaforom,kontrolisana raskrsnica
317,aktivan,316,Raskrsnica sa semaforom,kontrolisana raskrsnica
317,aktivan,317,Raskrsnica sa semaforom,kontrolisana raskrsnica
318,aktivan,219,Raskrsnica sa semaforom,kontrolisana raskrsnica
318,aktivan,318,Raskrsnica sa semaforom,kontrolisana raskrsnica
319,aktivan,218,Raskrsnica sa semaforom,kontrolisana raskrsnica
319,aktivan,319,Raskrsnica sa semaforom,kontrolisana raskrsnica
320,aktivan,320,Raskrsnica sa semaforom,kontrolisana raskrsnica
321,aktivan,321,Raskrsnica sa semaforom,kontrolisana raskrsnica
321,aktivan,322,Raskrsnica sa semaforom,kontrolisana raskrsnica
322,aktivan,321,Raskrsnica sa semaforom,kontrolisana raskrsnica
322,aktivan,322,Raskrsnica sa semaforom,kontrolisana raskrsnica
323,aktivan,323,Raskrsnica sa semaforom,kontrolisana raskrsnica
324,aktivan,324,Raskrsnica sa semaforom,kontrolisana raskrsnica
324,aktivan,326,Raskrsnica sa semaforom,kontrolisana raskrsnica
325,aktivan,325,Raskrsnica sa semaforom,kontrolisana raskrsnica
326,aktivan,324,Raskrsnica sa semaforom,kontrolisana raskrsnica
326,aktivan,326,Raskrsnica sa semaforom,kontrolisana raskrsnica
327,aktivan,327,Raskrsnica sa semaforom,kontrolisana raskrsnica
327,aktivan,328,Raskrsnica sa semaforom,kontrolisana raskrsnica
327,aktivan,329,Raskrsnica sa semaforom,kontrolisana raskrsnica
327,aktivan,330,Raskrsnica sa semaforom,kontrolisana raskrsnica
328,aktivan,327,Raskrsnica sa semaforom,kontrolisana raskrsnica
328,aktivan,328,Raskrsnica sa semaforom,kontrolisana raskrsnica
328,aktivan,330,Raskrsnica sa semaforom,kontrolisana raskrsnica
329,aktivan,327,Raskrsnica sa semaforom,kontrolisana raskrsnica
329,aktivan,329,Raskrsnica sa semaforom,kontrolisana raskrsnica
329,aktivan,330,Raskrsnica sa semaforom,kontrolisana raskrsnica
330,aktivan,327,Raskrsnica sa semaforom,kontrolisana raskrsnica
330,aktivan,328,Raskrsnica sa semaforom,kontrolisana raskrsnica
330,aktivan,329,Raskrsnica sa semaforom,kontrolisana raskrsnica
330,aktivan,330,Raskrsnica sa semaforom,kontrolisana raskrsnica
331,aktivan,331,Raskrsnica sa semaforom,kontrolisana raskrsnica
332,aktivan,332,Raskrsnica sa semaforom,kontrolisana raskrsnica
332,aktivan,333,Raskrsnica sa semaforom,kontrolisana raskrsnica
332,aktivan,339,Raskrsnica sa semaforom,kontrolisana raskrsnica
333,aktivan,332,Raskrsnica sa semaforom,kontrolisana raskrsnica
333,aktivan,333,Raskrsnica sa semaforom,kontrolisana raskrsnica
333,aktivan,339,Raskrsnica sa semaforom,kontrolisana raskrsnica
334,aktivan,334,Raskrsnica sa semaforom,kontrolisana raskrsnica
335,aktivan,335,Raskrsnica sa semaforom,kontrolisana raskrsnica
336,aktivan,336,Raskrsnica sa semaforom,kontrolisana raskrsnica
337,aktivan,337,Raskrsnica sa semaforom,kontrolisana raskrsnica
338,aktivan,338,Raskrsnica sa semaforom,kontrolisana raskrsnica
339,aktivan,332,Raskrsnica sa semaforom,kontrolisana raskrsnica
339,aktivan,333,Raskrsnica sa semaforom,kontrolisana raskrsnica
339,aktivan,339,Raskrsnica sa semaforom,kontrolisana raskrsnica
340,aktivan,340,Raskrsnica sa semaforom,kontrolisana raskrsnica
340,aktivan,341,Raskrsnica sa semaforom,kontrolisana raskrsnica
340,aktivan,342,Raskrsnica sa semaforom,kontrolisana raskrsnica
340,aktivan,343,Raskrsnica sa semaforom,kontrolisana raskrsnica
341,aktivan,340,Raskrsnica sa semaforom,kontrolisana raskrsnica
341,aktivan,341,Raskrsnica sa semaforom,kontrolisana raskrsnica
341,aktivan,342,Raskrsnica sa semaforom,kontrolisana raskrsnica
341,aktivan,343,Raskrsnica sa semaforom,kontrolisana raskrsnica
342,aktivan,340,Raskrsnica sa semaforom,kontrolisana raskrsnica
342,aktivan,341,Raskrsnica sa semaforom,kontrolisana raskrsnica
342,aktivan,342,Raskrsnica sa semaforom,kontrolisana raskrsnica
342,aktivan,343,Raskrsnica sa semaforom,kontrolisana raskrsnica
343,aktivan,340,Raskrsnica sa semaforom,kontrolisana raskrsnica
343,aktivan,341,Raskrsnica sa semaforom,kontrolisana raskrsnica
343,aktivan,342,Raskrsnica sa semaforom,kontrolisana raskrsnica
343,aktivan,343,Raskrsnica sa semaforom,kontrolisana raskrsnica
344,aktivan,344,Raskrsnica sa semaforom,kontrolisana raskrsnica
345,aktivan,345,Raskrsnica sa semaforom,kontrolisana raskrsnica
346,aktivan,346,Raskrsnica sa semaforom,kontrolisana raskrsnica
346,aktivan,409,Raskrsnica sa semaforom,kontrolisana raskrsnica
347,aktivan,347,Raskrsnica sa semaforom,kontrolisana raskrsnica
347,aktivan,409,Raskrsnica sa semaforom,kontrolisana raskrsnica
347,aktivan,410,Raskrsnica sa semaforom,kontrolisana raskrsnica
348,aktivan,348,Raskrsnica sa semaforom,kontrolisana raskrsnica
349,aktivan,349,Raskrsnica sa semaforom,kontrolisana raskrsnica
350,aktivan,350,Raskrsnica sa semaforom,kontrolisana raskrsnica
350,aktivan,351,Raskrsnica sa semaforom,kontrolisana raskrsnica
351,aktivan,350,Raskrsnica sa semaforom,kontrolisana raskrsnica
351,aktivan,351,Raskrsnica sa semaforom,kontrolisana raskrsnica
351,aktivan,355,Raskrsnica sa semaforom,kontrolisana raskrsnica
352,aktivan,305,Raskrsnica sa semaforom,kontrolisana raskrsnica
352,aktivan,306,Raskrsnica sa semaforom,kontrolisana raskrsnica
352,aktivan,352,Raskrsnica sa semaforom,kontrolisana raskrsnica
353,aktivan,353,Raskrsnica sa semaforom,kontrolisana raskrsnica
354,aktivan,354,Raskrsnica sa semaforom,kontrolisana raskrsnica
355,aktivan,351,Raskrsnica sa semaforom,kontrolisana raskrsnica
355,aktivan,355,Raskrsnica sa semaforom,kontrolisana raskrsnica
356,aktivan,356,Raskrsnica sa semaforom,kontrolisana raskrsnica
356,aktivan,357,Raskrsnica sa semaforom,kontrolisana raskrsnica
356,aktivan,358,Raskrsnica sa semaforom,kontrolisana raskrsnica
357,aktivan,356,Raskrsnica sa semaforom,kontrolisana raskrsnica
357,aktivan,357,Raskrsnica sa semaforom,kontrolisana raskrsnica
357,aktivan,358,Raskrsnica sa semaforom,kontrolisana raskrsnica
357,aktivan,359,Raskrsnica sa semaforom,kontrolisana raskrsnica
358,aktivan,356,Raskrsnica sa semaforom,kontrolisana raskrsnica
358,aktivan,357,Raskrsnica sa semaforom,kontrolisana raskrsnica
358,aktivan,358,Raskrsnica sa semaforom,kontrolisana raskrsnica
358,aktivan,359,Raskrsnica sa semaforom,kontrolisana raskrsnica
359,aktivan,357,Raskrsnica sa semaforom,kontrolisana raskrsnica
359,aktivan,358,Raskrsnica sa semaforom,kontrolisana raskrsnica
359,aktivan,359,Raskrsnica sa semaforom,kontrolisana raskrsnica
360,aktivan,360,Raskrsnica sa semaforom,kontrolisana raskrsnica
360,aktivan,361,Raskrsnica sa semaforom,kontrolisana raskrsnica
360,aktivan,362,Raskrsnica sa semaforom,kontrolisana raskrsnica
361,aktivan,360,Raskrsnica sa semaforom,kontrolisana raskrsnica
361,aktivan,361,Raskrsnica sa semaforom,kontrolisana raskrsnica
361,aktivan,363,Raskrsnica sa semaforom,kontrolisana raskrsnica
362,aktivan,360,Raskrsnica sa semaforom,kontrolisana raskrsnica
362,aktivan,362,Raskrsnica sa semaforom,kontrolisana raskrsnica
362,aktivan,363,Raskrsnica sa semaforom,kontrolisana raskrsnica
363,aktivan,361,Raskrsnica sa semaforom,kontrolisana raskrsnica
363,aktivan,362,Raskrsnica sa semaforom,kontrolisana raskrsnica
363,aktivan,363,Raskrsnica sa semaforom,kontrolisana raskrsnica
364,aktivan,364,Raskrsnica sa semaforom,kontrolisana raskrsnica
365,aktivan,365,Raskrsnica sa semaforom,kontrolisana raskrsnica
366,aktivan,366,Raskrsnica sa semaforom,kontrolisana raskrsnica
367,aktivan,367,Raskrsnica sa semaforom,kontrolisana raskrsnica
368,aktivan,50,Raskrsnica sa semaforom,kontrolisana raskrsnica
368,aktivan,51,Raskrsnica sa semaforom,kontrolisana raskrsnica
368,aktivan,368,Raskrsnica sa semaforom,kontrolisana raskrsnica
369,aktivan,369,Raskrsnica sa semaforom,kontrolisana raskrsnica
369,aktivan,370,Raskrsnica sa semaforom,kontrolisana raskrsnica
369,aktivan,371,Raskrsnica sa semaforom,kontrolisana raskrsnica
370,aktivan,369,Raskrsnica sa semaforom,kontrolisana raskrsnica
370,aktivan,370,Raskrsnica sa semaforom,kontrolisana raskrsnica
370,aktivan,372,Raskrsnica sa semaforom,kontrolisana raskrsnica
371,aktivan,369,Raskrsnica sa semaforom,kontrolisana raskrsnica
371,aktivan,371,Raskrsnica sa semaforom,kontrolisana raskrsnica
371,aktivan,372,Raskrsnica sa semaforom,kontrolisana raskrsnica
372,aktivan,370,Raskrsnica sa semaforom,kontrolisana raskrsnica
372,aktivan,371,Raskrsnica sa semaforom,kontrolisana raskrsnica
372,aktivan,372,Raskrsnica sa semaforom,kontrolisana raskrsnica
373,aktivan,373,Raskrsnica sa semaforom,kontrolisana raskrsnica
374,aktivan,374,Raskrsnica sa semaforom,kontrolisana raskrsnica
375,aktivan,375,Raskrsnica sa semaforom,kontrolisana raskrsnica
376,aktivan,376,Raskrsnica sa semaforom,kontrolisana raskrsnica
377,aktivan,377,Raskrsnica sa semaforom,kontrolisana raskrsnica
378,aktivan,378,Raskrsnica sa semaforom,kontrolisana raskrsnica
379,aktivan,379,Raskrsnica sa semaforom,kontrolisana raskrsnica
380,aktivan,380,Raskrsnica sa semaforom,kontrolisana raskrsnica
381,aktivan,381,Raskrsnica sa semaforom,kontrolisana raskrsnica
382,aktivan,382,Raskrsnica sa semaforom,kontrolisana raskrsnica
382,aktivan,383,Raskrsnica sa semaforom,kontrolisana raskrsnica
383,aktivan,382,Raskrsnica sa semaforom,kontrolisana raskrsnica
383,aktivan,383,Raskrsnica sa semaforom,kontrolisana raskrsnica
384,aktivan,384,Raskrsnica sa semaforom,kontrolisana raskrsnica
384,aktivan,385,Raskrsnica sa semaforom,kontrolisana raskrsnica
385,aktivan,384,Raskrsnica sa semaforom,kontrolisana raskrsnica
385,aktivan,385,Raskrsnica sa semaforom,kontrolisana raskrsnica
386,aktivan,386,Raskrsnica sa semaforom,kontrolisana raskrsnica
386,aktivan,387,Raskrsnica sa semaforom,kontrolisana raskrsnica
386,aktivan,388,Raskrsnica sa semaforom,kontrolisana raskrsnica
387,aktivan,386,Raskrsnica sa semaforom,kontrolisana raskrsnica
387,aktivan,387,Raskrsnica sa semaforom,kontrolisana raskrsnica
387,aktivan,388,Raskrsnica sa semaforom,kontrolisana raskrsnica
387,aktivan,389,Raskrsnica sa semaforom,kontrolisana raskrsnica
388,aktivan,386,Raskrsnica sa semaforom,kontrolisana raskrsnica
388,aktivan,387,Raskrsnica sa semaforom,kontrolisana raskrsnica
388,aktivan,388,Raskrsnica sa semaforom,kontrolisana raskrsnica
388,aktivan,389,Raskrsnica sa semaforom,kontrolisana raskrsnica
389,aktivan,387,Raskrsnica sa semaforom,kontrolisana raskrsnica
389,aktivan,388,Raskrsnica sa semaforom,kontrolisana raskrsnica
389,aktivan,389,Raskrsnica sa semaforom,kontrolisana raskrsnica
390,aktivan,390,Raskrsnica sa semaforom,kontrolisana raskrsnica
390,aktivan,391,Raskrsnica sa semaforom,kontrolisana raskrsnica
391,aktivan,390,Raskrsnica sa semaforom,kontrolisana raskrsnica
391,aktivan,391,Raskrsnica sa semaforom,kontrolisana raskrsnica
392,aktivan,392,Raskrsnica sa semaforom,kontrolisana raskrsnica
392,aktivan,393,Raskrsnica sa semaforom,kontrolisana raskrsnica
393,aktivan,392,Raskrsnica sa semaforom,kontrolisana raskrsnica
393,aktivan,393,Raskrsnica sa semaforom,kontrolisana raskrsnica
394,aktivan,394,Raskrsnica sa semaforom,kontrolisana raskrsnica
394,aktivan,395,Raskrsnica sa semaforom,kontrolisana raskrsnica
394,aktivan,396,Raskrsnica sa semaforom,kontrolisana raskrsnica
394,aktivan,397,Raskrsnica sa semaforom,kontrolisana raskrsnica
395,aktivan,394,Raskrsnica sa semaforom,kontrolisana raskrsnica
395,aktivan,395,Raskrsnica sa semaforom,kontrolisana raskrsnica
395,aktivan,397,Raskrsnica sa semaforom,kontrolisana raskrsnica
396,aktivan,394,Raskrsnica sa semaforom,kontrolisana raskrsnica
396,aktivan,396,Raskrsnica sa semaforom,kontrolisana raskrsnica
396,aktivan,397,Raskrsnica sa semaforom,kontrolisana raskrsnica
397,aktivan,394,Raskrsnica sa semaforom,kontrolisana raskrsnica
397,aktivan,395,Raskrsnica sa semaforom,kontrolisana raskrsnica
397,aktivan,396,Raskrsnica sa semaforom,kontrolisana raskrsnica
397,aktivan,397,Raskrsnica sa semaforom,kontrolisana raskrsnica
398,aktivan,398,Raskrsnica sa semaforom,kontrolisana raskrsnica
398,aktivan,399,Raskrsnica sa semaforom,kontrolisana raskrsnica
398,aktivan,400,Raskrsnica sa semaforom,kontrolisana raskrsnica
399,aktivan,398,Raskrsnica sa semaforom,kontrolisana raskrsnica
399,aktivan,399,Raskrsnica sa semaforom,kontrolisana raskrsnica
399,aktivan,401,Raskrsnica sa semaforom,kontrolisana raskrsnica
400,aktivan,398,Raskrsnica sa semaforom,kontrolisana raskrsnica
400,aktivan,400,Raskrsnica sa semaforom,kontrolisana raskrsnica
400,aktivan,401,Raskrsnica sa semaforom,kontrolisana raskrsnica
401,aktivan,399,Raskrsnica sa semaforom,kontrolisana raskrsnica
401,aktivan,400,Raskrsnica sa semaforom,kontrolisana raskrsnica
401,aktivan,401,Raskrsnica sa semaforom,kontrolisana raskrsnica
402,aktivan,402,Raskrsnica sa semaforom,kontrolisana raskrsnica
402,aktivan,405,Raskrsnica sa semaforom,kontrolisana raskrsnica
402,aktivan,407,Raskrsnica sa semaforom,kontrolisana raskrsnica
403,aktivan,403,Raskrsnica sa semaforom,kontrolisana raskrsnica
404,aktivan,404,Raskrsnica sa semaforom,kontrolisana raskrsnica
404,aktivan,413,Raskrsnica sa semaforom,kontrolisana raskrsnica
405,aktivan,402,Raskrsnica sa semaforom,kontrolisana raskrsnica
405,aktivan,405,Raskrsnica sa semaforom,kontrolisana raskrsnica
405,aktivan,406,Raskrsnica sa semaforom,kontrolisana raskrsnica
406,aktivan,405,Raskrsnica sa semaforom,kontrolisana raskrsnica
406,aktivan,406,Raskrsnica sa semaforom,kontrolisana raskrsnica
406,aktivan,407,Raskrsnica sa semaforom,kontrolisana raskrsnica
407,aktivan,402,Raskrsnica sa semaforom,kontrolisana raskrsnica
407,aktivan,406,Raskrsnica sa semaforom,kontrolisana raskrsnica
407,aktivan,407,Raskrsnica sa semaforom,kontrolisana raskrsnica
408,aktivan,408,Raskrsnica sa semaforom,kontrolisana raskrsnica
409,aktivan,346,Raskrsnica sa semaforom,kontrolisana raskrsnica
409,aktivan,347,Raskrsnica sa semaforom,kontrolisana raskrsnica
409,aktivan,409,Raskrsnica sa semaforom,kontrolisana raskrsnica
409,aktivan,410,Raskrsnica sa semaforom,kontrolisana raskrsnica
410,aktivan,347,Raskrsnica sa semaforom,kontrolisana raskrsnica
410,aktivan,409,Raskrsnica sa semaforom,kontrolisana raskrsnica
410,aktivan,410,Raskrsnica sa semaforom,kontrolisana raskrsnica
411,aktivan,411,Raskrsnica sa semaforom,kontrolisana raskrsnica
411,aktivan,412,Raskrsnica sa semaforom,kontrolisana raskrsnica
412,aktivan,411,Raskrsnica sa semaforom,kontrolisana raskrsnica
412,aktivan,412,Raskrsnica sa semaforom,kontrolisana raskrsnica
413,aktivan,404,Raskrsnica sa semaforom,kontrolisana raskrsnica
413,aktivan,413,Raskrsnica sa semaforom,kontrolisana raskrsnica
414,aktivan,414,Raskrsnica sa semaforom,kontrolisana raskrsnica
415,aktivan,415,Raskrsnica sa semaforom,kontrolisana raskrsnica
415,aktivan,416,Raskrsnica sa semaforom,kontrolisana raskrsnica
415,aktivan,417,Raskrsnica sa semaforom,kontrolisana raskrsnica
416,aktivan,415,Raskrsnica sa semaforom,kontrolisana raskrsnica
416,aktivan,416,Raskrsnica sa semaforom,kontrolisana raskrsnica
416,aktivan,418,Raskrsnica sa semaforom,kontrolisana raskrsnica
417,aktivan,415,Raskrsnica sa semaforom,kontrolisana raskrsnica
417,aktivan,417,Raskrsnica sa semaforom,kontrolisana raskrsnica
417,aktivan,418,Raskrsnica sa semaforom,kontrolisana raskrsnica
418,aktivan,416,Raskrsnica sa semaforom,kontrolisana raskrsnica
418,aktivan,417,Raskrsnica sa semaforom,kontrolisana raskrsnica
418,aktivan,418,Raskrsnica sa semaforom,kontrolisana raskrsnica
419,aktivan,419,Raskrsnica sa semaforom,kontrolisana raskrsnica
420,aktivan,420,Raskrsnica sa semaforom,kontrolisana raskrsnica
421,aktivan,421,Raskrsnica sa semaforom,kontrolisana raskrsnica
422,aktivan,422,Raskrsnica sa semaforom,kontrolisana raskrsnica
423,aktivan,423,Raskrsnica Bulevar / Futoška,kontrolisana raskrsnica
424,aktivan,424,Raskrsnica Bulevar / Temerinska,kontrolisana raskrsnica
425,neispravan,170,Raskrsnica sa semaforom,kontrolisana raskrsnica
425,neispravan,425,Raskrsnica Laze Telečkog / Futoška,nekontrolisana raskrsnica
426,aktivan,426,Kružni tok Liman,kruzni tok
427,u_odrzavanju,427,Raskrsnica Temerinska / Kisačka,kontrolisana raskrsnica
